dipep,lfc
AA,0.436221028
AC,-0.517009042
AD,0.359657915
AE,-0.533735584
AF,0.80235118
AG,-0.257643596
AH,-0.569479905
AI,0.298646206
AK,-0.136178867
AL,0.766759331
AM,0.947546631
AN,0.277373186
AP,0.329238299
AQ,-0.040416823
AR,-0.250513235
AS,0.088177988
AT,0.226109059
AV,0.66066593
AW,0.239352614
AY,0.392516517
CA,-0.551404781
CC,-0.820681388
CD,0.92445078
CE,-0.290172841
CF,1.124640069
CG,-0.380710093
CH,-0.285096357
CI,0.372623175
CK,-0.428882297
CL,1.177049043
CM,0.467217794
CN,-0.141689931
CP,-0.145892178
CQ,-0.303193753
CR,-0.483645892
CS,-0.062110772
CT,-0.078523327
CV,0.323850615
CW,-1.642001646
CY,0.197593696
DA,0.203698126
DC,-0.37284998
DD,0.894476297
DE,0.571622436
DF,0.550390763
DG,0.787092715
DH,0.156747527
DI,0.140253834
DK,-0.218618942
DL,-0.038475782
DM,0.341956174
DN,0.469869999
DP,0.366676596
DQ,-0.046516734
DR,0.04523276
DS,0.348335214
DT,0.456160149
DV,0.019771287
DW,-0.664439369
DY,0.495791384
EA,0.353639086
EC,-0.678706468
ED,0.0511178
EE,-0.375372843
EF,0.238669249
EG,0.142277547
EH,-0.20480578
EI,0.28144066
EK,0.008165109
EL,0.420074986
EM,-0.026640982
EN,0.501068212
EP,0.029121346
EQ,-0.236299581
ER,-0.360971608
ES,0.026049314
ET,0.14355276
EV,-0.17030361
EW,-0.379793186
EY,0.468749827
FA,0.540328254
FC,1.450539693
FD,0.00681604
FE,0.335038484
FF,0.971966579
FG,-1.339811404
FH,-0.057240024
FI,0.794318748
FK,-1.667616421
FL,1.465972114
FM,1.081630789
FN,-0.469234241
FP,0.32228323
FQ,0.01722744
FR,-1.274534036
FS,-1.255197411
FT,-0.018489924
FV,1.430539525
FW,0.655121614
FY,0.84884522
GA,-0.133227359
GC,-0.511059186
GD,0.371681567
GE,-0.279996064
GF,-0.782614686
GG,-0.32881534
GH,-0.186273468
GI,0.210946442
GK,-0.563131983
GL,-0.536477608
GM,0.121050369
GN,-0.24200127
GP,0.137232667
GQ,-0.764159158
GR,0.008824097
GS,0.148907772
GT,0.156169418
GV,0.109421568
GW,-1.215160447
GY,0.20118536
HA,-0.131434348
HC,-0.370700829
HD,0.071902592
HE,-0.241272847
HF,-0.020236008
HG,-0.011768434
HH,0.23400356
HI,-0.141476004
HK,-0.972347419
HL,0.111780615
HM,-0.655645446
HN,0.422727545
HP,0.056824178
HQ,-0.123148456
HR,-2.0
HS,-0.05178003
HT,-0.577726507
HV,0.55291354
HW,-0.447157209
HY,-0.364857353
IA,0.541865088
IC,0.722899241
ID,0.511106444
IE,0.559272556
IF,0.317504155
IG,-0.029840376
IH,0.157348608
II,-2.0
IK,-1.139788701
IL,0.766064551
IM,1.108189111
IN,-0.340941345
IP,0.231253619
IQ,0.510430164
IR,-1.177828758
IS,0.402253783
IT,0.881671465
IV,0.533448473
IW,0.5958044
IY,0.704550798
KA,-0.285192139
KC,-0.794066014
KD,0.19795822
KE,-0.037130597
KF,-1.024276067
KG,-0.759821894
KH,-0.801604826
KI,-2.0
KK,0.480969841
KL,-1.326912592
KM,0.035910737
KN,-0.466973183
KP,-0.054179843
KQ,-0.282989115
KR,-0.534124432
KS,-0.421918012
KT,-0.761445109
KV,-2.0
KW,-0.099159673
KY,-1.832559121
LA,0.645586813
LC,0.885922639
LD,0.314029684
LE,0.189947978
LF,1.578075799
LG,-1.594567589
LH,-0.060212764
LI,0.773897818
LK,-1.214254166
LL,0.907840852
LM,1.398653038
LN,0.496000497
LP,0.314316136
LQ,0.44197181
LR,-0.535485647
LS,0.17069209
LT,0.666620079
LV,0.770203573
LW,0.731314423
LY,1.123784524
MA,0.708070437
MC,0.231677092
MD,0.66779672
ME,0.329926698
MF,0.452672181
MG,-0.893838768
MH,-0.903372087
MI,0.985420389
MK,0.104635815
ML,0.731198972
MM,1.778455043
MN,0.347888594
MP,0.514183726
MQ,-0.625856506
MR,-0.198571004
MS,-0.041883517
MT,0.524513573
MV,1.198104808
MW,1.087380961
MY,0.485320702
NA,-0.52204196
NC,-0.245924161
ND,0.254986702
NE,0.318789766
NF,-0.360887471
NG,0.105822061
NH,0.170192752
NI,-0.356134454
NK,-0.088749509
NL,0.239050311
NM,0.309679197
NN,0.366474422
NP,-0.031045038
NQ,0.184804407
NR,0.077987125
NS,0.144394874
NT,-0.258832922
NV,0.002622833
NW,-0.817419038
NY,0.182808665
PA,0.233486176
PC,0.540791519
PD,0.630677732
PE,0.493400856
PF,0.103167725
PG,0.569246556
PH,0.168239678
PI,0.418323167
PK,-0.425360856
PL,0.493294301
PM,-0.222365275
PN,0.331220924
PP,1.356267434
PQ,0.201003053
PR,-0.018646574
PS,0.522654314
PT,0.418740664
PV,0.236146717
PW,-0.293031696
PY,0.06188941
QA,0.239293328
QC,-0.386626328
QD,-0.028651171
QE,-0.295785614
QF,0.733331505
QG,-0.153240318
QH,0.344508514
QI,0.357834077
QK,-0.804791897
QL,0.291742199
QM,0.002766269
QN,-0.017687228
QP,0.79890907
QQ,0.463806003
QR,-0.202670252
QS,0.123994321
QT,-0.425032199
QV,-0.058832608
QW,-0.177460349
QY,0.158968392
RA,-0.209188047
RC,-0.468930982
RD,0.100257017
RE,-0.562515271
RF,-0.988551052
RG,-0.223403536
RH,-2.0
RI,-1.02662605
RK,0.040652339
RL,-0.705085176
RM,0.455808008
RN,0.140155889
RP,-0.184609665
RQ,-0.313549794
RR,-0.195445905
RS,0.160790016
RT,-0.457798921
RV,-1.08166147
RW,-0.367373042
RY,-0.197655509
SA,-0.017341537
SC,-0.038644428
SD,1.05845345
SE,0.384920589
SF,-1.332708069
SG,-0.212227366
SH,-0.063510748
SI,0.294714953
SK,-0.219018261
SL,0.170342621
SM,0.538272083
SN,0.260408886
SP,0.264180242
SQ,0.002190226
SR,0.086427201
SS,0.385788582
ST,0.17145302
SV,0.366271094
SW,0.116193159
SY,0.058582398
TA,0.204527216
TC,-0.20395714
TD,0.070421197
TE,0.119052672
TF,0.309429099
TG,-0.033200748
TH,-0.621414169
TI,0.765382091
TK,-1.196524608
TL,0.61009382
TM,0.650353313
TN,0.13828206
TP,-0.075415108
TQ,-0.380365728
TR,-0.359713629
TS,0.447687618
TT,0.536113414
TV,0.314818763
TW,-0.031088282
TY,0.037223177
VA,0.747272715
VC,0.196941634
VD,0.279589848
VE,-0.479268179
VF,1.615156883
VG,0.21512527
VH,-0.041940809
VI,0.77403541
VK,-2.0
VL,0.699019626
VM,1.305650563
VN,0.583713681
VP,-0.306035218
VQ,0.013127461
VR,-0.67274785
VS,0.201181469
VT,-0.028047474
VV,0.588023206
VW,-0.501280127
VY,0.9586468
WA,0.225375953
WC,-0.29441494
WD,-0.520091614
WE,0.497897791
WF,1.643223211
WG,-0.836857885
WH,0.032115753
WI,1.4442388
WK,0.171796101
WL,0.764995425
WM,2.0
WN,0.193283364
WP,-0.050342744
WQ,-0.089142347
WR,0.648495834
WS,-0.602001311
WT,-0.122481951
WV,0.229273418
WW,-1.627447098
WY,-0.359159863
YA,-0.219626074
YC,0.374647278
YD,0.920752507
YE,0.91993908
YF,1.047685639
YG,0.239936253
YH,-0.080853926
YI,0.426100546
YK,-2.0
YL,1.265310883
YM,1.347064026
YN,0.218170033
YP,0.211629058
YQ,-0.073427996
YR,-0.818969965
YS,0.149045187
YT,-0.099308215
YV,0.560936734
YW,-0.823109633
YY,0.87657307
