aa1,aa2,lfc
Ala,Ala,0.436221028
Ala,Cys,-0.517009042
Ala,Asp,0.359657915
Ala,Glu,-0.533735584
Ala,Phe,0.80235118
Ala,Gly,-0.257643596
Ala,His,-0.569479905
Ala,Ile,0.298646206
Ala,Lys,-0.136178867
Ala,Leu,0.766759331
Ala,Met,0.947546631
Ala,Asn,0.277373186
Ala,Pro,0.329238299
Ala,Gln,-0.040416823
Ala,Arg,-0.250513235
Ala,Ser,0.088177988
Ala,Thr,0.226109059
Ala,Val,0.66066593
Ala,Trp,0.239352614
Ala,Tyr,0.392516517
Cys,Ala,-0.551404781
Cys,Cys,-0.820681388
Cys,Asp,0.92445078
Cys,Glu,-0.290172841
Cys,Phe,1.124640069
Cys,Gly,-0.380710093
Cys,His,-0.285096357
Cys,Ile,0.372623175
Cys,Lys,-0.428882297
Cys,Leu,1.177049043
Cys,Met,0.467217794
Cys,Asn,-0.141689931
Cys,Pro,-0.145892178
Cys,Gln,-0.303193753
Cys,Arg,-0.483645892
Cys,Ser,-0.062110772
Cys,Thr,-0.078523327
Cys,Val,0.323850615
Cys,Trp,-1.642001646
Cys,Tyr,0.197593696
Asp,Ala,0.203698126
Asp,Cys,-0.37284998
Asp,Asp,0.894476297
Asp,Glu,0.571622436
Asp,Phe,0.550390763
Asp,Gly,0.787092715
Asp,His,0.156747527
Asp,Ile,0.140253834
Asp,Lys,-0.218618942
Asp,Leu,-0.038475782
Asp,Met,0.341956174
Asp,Asn,0.469869999
Asp,Pro,0.366676596
Asp,Gln,-0.046516734
Asp,Arg,0.04523276
Asp,Ser,0.348335214
Asp,Thr,0.456160149
Asp,Val,0.019771287
Asp,Trp,-0.664439369
Asp,Tyr,0.495791384
Glu,Ala,0.353639086
Glu,Cys,-0.678706468
Glu,Asp,0.0511178
Glu,Glu,-0.375372843
Glu,Phe,0.238669249
Glu,Gly,0.142277547
Glu,His,-0.20480578
Glu,Ile,0.28144066
Glu,Lys,0.008165109
Glu,Leu,0.420074986
Glu,Met,-0.026640982
Glu,Asn,0.501068212
Glu,Pro,0.029121346
Glu,Gln,-0.236299581
Glu,Arg,-0.360971608
Glu,Ser,0.026049314
Glu,Thr,0.14355276
Glu,Val,-0.17030361
Glu,Trp,-0.379793186
Glu,Tyr,0.468749827
Phe,Ala,0.540328254
Phe,Cys,1.450539693
Phe,Asp,0.00681604
Phe,Glu,0.335038484
Phe,Phe,0.971966579
Phe,Gly,-1.339811404
Phe,His,-0.057240024
Phe,Ile,0.794318748
Phe,Lys,-1.667616421
Phe,Leu,1.465972114
Phe,Met,1.081630789
Phe,Asn,-0.469234241
Phe,Pro,0.32228323
Phe,Gln,0.01722744
Phe,Arg,-1.274534036
Phe,Ser,-1.255197411
Phe,Thr,-0.018489924
Phe,Val,1.430539525
Phe,Trp,0.655121614
Phe,Tyr,0.84884522
Gly,Ala,-0.133227359
Gly,Cys,-0.511059186
Gly,Asp,0.371681567
Gly,Glu,-0.279996064
Gly,Phe,-0.782614686
Gly,Gly,-0.32881534
Gly,His,-0.186273468
Gly,Ile,0.210946442
Gly,Lys,-0.563131983
Gly,Leu,-0.536477608
Gly,Met,0.121050369
Gly,Asn,-0.24200127
Gly,Pro,0.137232667
Gly,Gln,-0.764159158
Gly,Arg,0.008824097
Gly,Ser,0.148907772
Gly,Thr,0.156169418
Gly,Val,0.109421568
Gly,Trp,-1.215160447
Gly,Tyr,0.20118536
His,Ala,-0.131434348
His,Cys,-0.370700829
His,Asp,0.071902592
His,Glu,-0.241272847
His,Phe,-0.020236008
His,Gly,-0.011768434
His,His,0.23400356
His,Ile,-0.141476004
His,Lys,-0.972347419
His,Leu,0.111780615
His,Met,-0.655645446
His,Asn,0.422727545
His,Pro,0.056824178
His,Gln,-0.123148456
His,Arg,-2.0
His,Ser,-0.05178003
His,Thr,-0.577726507
His,Val,0.55291354
His,Trp,-0.447157209
His,Tyr,-0.364857353
Ile,Ala,0.541865088
Ile,Cys,0.722899241
Ile,Asp,0.511106444
Ile,Glu,0.559272556
Ile,Phe,0.317504155
Ile,Gly,-0.029840376
Ile,His,0.157348608
Ile,Ile,-2.0
Ile,Lys,-1.139788701
Ile,Leu,0.766064551
Ile,Met,1.108189111
Ile,Asn,-0.340941345
Ile,Pro,0.231253619
Ile,Gln,0.510430164
Ile,Arg,-1.177828758
Ile,Ser,0.402253783
Ile,Thr,0.881671465
Ile,Val,0.533448473
Ile,Trp,0.5958044
Ile,Tyr,0.704550798
Lys,Ala,-0.285192139
Lys,Cys,-0.794066014
Lys,Asp,0.19795822
Lys,Glu,-0.037130597
Lys,Phe,-1.024276067
Lys,Gly,-0.759821894
Lys,His,-0.801604826
Lys,Ile,-2.0
Lys,Lys,0.480969841
Lys,Leu,-1.326912592
Lys,Met,0.035910737
Lys,Asn,-0.466973183
Lys,Pro,-0.054179843
Lys,Gln,-0.282989115
Lys,Arg,-0.534124432
Lys,Ser,-0.421918012
Lys,Thr,-0.761445109
Lys,Val,-2.0
Lys,Trp,-0.099159673
Lys,Tyr,-1.832559121
Leu,Ala,0.645586813
Leu,Cys,0.885922639
Leu,Asp,0.314029684
Leu,Glu,0.189947978
Leu,Phe,1.578075799
Leu,Gly,-1.594567589
Leu,His,-0.060212764
Leu,Ile,0.773897818
Leu,Lys,-1.214254166
Leu,Leu,0.907840852
Leu,Met,1.398653038
Leu,Asn,0.496000497
Leu,Pro,0.314316136
Leu,Gln,0.44197181
Leu,Arg,-0.535485647
Leu,Ser,0.17069209
Leu,Thr,0.666620079
Leu,Val,0.770203573
Leu,Trp,0.731314423
Leu,Tyr,1.123784524
Met,Ala,0.708070437
Met,Cys,0.231677092
Met,Asp,0.66779672
Met,Glu,0.329926698
Met,Phe,0.452672181
Met,Gly,-0.893838768
Met,His,-0.903372087
Met,Ile,0.985420389
Met,Lys,0.104635815
Met,Leu,0.731198972
Met,Met,1.778455043
Met,Asn,0.347888594
Met,Pro,0.514183726
Met,Gln,-0.625856506
Met,Arg,-0.198571004
Met,Ser,-0.041883517
Met,Thr,0.524513573
Met,Val,1.198104808
Met,Trp,1.087380961
Met,Tyr,0.485320702
Asn,Ala,-0.52204196
Asn,Cys,-0.245924161
Asn,Asp,0.254986702
Asn,Glu,0.318789766
Asn,Phe,-0.360887471
Asn,Gly,0.105822061
Asn,His,0.170192752
Asn,Ile,-0.356134454
Asn,Lys,-0.088749509
Asn,Leu,0.239050311
Asn,Met,0.309679197
Asn,Asn,0.366474422
Asn,Pro,-0.031045038
Asn,Gln,0.184804407
Asn,Arg,0.077987125
Asn,Ser,0.144394874
Asn,Thr,-0.258832922
Asn,Val,0.002622833
Asn,Trp,-0.817419038
Asn,Tyr,0.182808665
Pro,Ala,0.233486176
Pro,Cys,0.540791519
Pro,Asp,0.630677732
Pro,Glu,0.493400856
Pro,Phe,0.103167725
Pro,Gly,0.569246556
Pro,His,0.168239678
Pro,Ile,0.418323167
Pro,Lys,-0.425360856
Pro,Leu,0.493294301
Pro,Met,-0.222365275
Pro,Asn,0.331220924
Pro,Pro,1.356267434
Pro,Gln,0.201003053
Pro,Arg,-0.018646574
Pro,Ser,0.522654314
Pro,Thr,0.418740664
Pro,Val,0.236146717
Pro,Trp,-0.293031696
Pro,Tyr,0.06188941
Gln,Ala,0.239293328
Gln,Cys,-0.386626328
Gln,Asp,-0.028651171
Gln,Glu,-0.295785614
Gln,Phe,0.733331505
Gln,Gly,-0.153240318
Gln,His,0.344508514
Gln,Ile,0.357834077
Gln,Lys,-0.804791897
Gln,Leu,0.291742199
Gln,Met,0.002766269
Gln,Asn,-0.017687228
Gln,Pro,0.79890907
Gln,Gln,0.463806003
Gln,Arg,-0.202670252
Gln,Ser,0.123994321
Gln,Thr,-0.425032199
Gln,Val,-0.058832608
Gln,Trp,-0.177460349
Gln,Tyr,0.158968392
Arg,Ala,-0.209188047
Arg,Cys,-0.468930982
Arg,Asp,0.100257017
Arg,Glu,-0.562515271
Arg,Phe,-0.988551052
Arg,Gly,-0.223403536
Arg,His,-2.0
Arg,Ile,-1.02662605
Arg,Lys,0.040652339
Arg,Leu,-0.705085176
Arg,Met,0.455808008
Arg,Asn,0.140155889
Arg,Pro,-0.184609665
Arg,Gln,-0.313549794
Arg,Arg,-0.195445905
Arg,Ser,0.160790016
Arg,Thr,-0.457798921
Arg,Val,-1.08166147
Arg,Trp,-0.367373042
Arg,Tyr,-0.197655509
Ser,Ala,-0.017341537
Ser,Cys,-0.038644428
Ser,Asp,1.05845345
Ser,Glu,0.384920589
Ser,Phe,-1.332708069
Ser,Gly,-0.212227366
Ser,His,-0.063510748
Ser,Ile,0.294714953
Ser,Lys,-0.219018261
Ser,Leu,0.170342621
Ser,Met,0.538272083
Ser,Asn,0.260408886
Ser,Pro,0.264180242
Ser,Gln,0.002190226
Ser,Arg,0.086427201
Ser,Ser,0.385788582
Ser,Thr,0.17145302
Ser,Val,0.366271094
Ser,Trp,0.116193159
Ser,Tyr,0.058582398
Thr,Ala,0.204527216
Thr,Cys,-0.20395714
Thr,Asp,0.070421197
Thr,Glu,0.119052672
Thr,Phe,0.309429099
Thr,Gly,-0.033200748
Thr,His,-0.621414169
Thr,Ile,0.765382091
Thr,Lys,-1.196524608
Thr,Leu,0.61009382
Thr,Met,0.650353313
Thr,Asn,0.13828206
Thr,Pro,-0.075415108
Thr,Gln,-0.380365728
Thr,Arg,-0.359713629
Thr,Ser,0.447687618
Thr,Thr,0.536113414
Thr,Val,0.314818763
Thr,Trp,-0.031088282
Thr,Tyr,0.037223177
Val,Ala,0.747272715
Val,Cys,0.196941634
Val,Asp,0.279589848
Val,Glu,-0.479268179
Val,Phe,1.615156883
Val,Gly,0.21512527
Val,His,-0.041940809
Val,Ile,0.77403541
Val,Lys,-2.0
Val,Leu,0.699019626
Val,Met,1.305650563
Val,Asn,0.583713681
Val,Pro,-0.306035218
Val,Gln,0.013127461
Val,Arg,-0.67274785
Val,Ser,0.201181469
Val,Thr,-0.028047474
Val,Val,0.588023206
Val,Trp,-0.501280127
Val,Tyr,0.9586468
Trp,Ala,0.225375953
Trp,Cys,-0.29441494
Trp,Asp,-0.520091614
Trp,Glu,0.497897791
Trp,Phe,1.643223211
Trp,Gly,-0.836857885
Trp,His,0.032115753
Trp,Ile,1.4442388
Trp,Lys,0.171796101
Trp,Leu,0.764995425
Trp,Met,2.0
Trp,Asn,0.193283364
Trp,Pro,-0.050342744
Trp,Gln,-0.089142347
Trp,Arg,0.648495834
Trp,Ser,-0.602001311
Trp,Thr,-0.122481951
Trp,Val,0.229273418
Trp,Trp,-1.627447098
Trp,Tyr,-0.359159863
Tyr,Ala,-0.219626074
Tyr,Cys,0.374647278
Tyr,Asp,0.920752507
Tyr,Glu,0.91993908
Tyr,Phe,1.047685639
Tyr,Gly,0.239936253
Tyr,His,-0.080853926
Tyr,Ile,0.426100546
Tyr,Lys,-2.0
Tyr,Leu,1.265310883
Tyr,Met,1.347064026
Tyr,Asn,0.218170033
Tyr,Pro,0.211629058
Tyr,Gln,-0.073427996
Tyr,Arg,-0.818969965
Tyr,Ser,0.149045187
Tyr,Thr,-0.099308215
Tyr,Val,0.560936734
Tyr,Trp,-0.823109633
Tyr,Tyr,0.87657307
