strategy,Seq_ori,Seq_mut,ΔSeqScore,Conservative_Score
K427A,EKYV,EAYV,0.5579591609160786,-1
K427C,EKYV,ECYV,0.2334498568617276,-3
K427D,EKYV,EDYV,0.5058242631853005,-1
K427E,EKYV,EEYV,0.39444630038013684,1
K427F,EKYV,EFYV,0.6902703248356652,-3
K427G,EKYV,EGYV,0.433061087721842,-2
K427H,EKYV,EHYV,0.17574127187707433,-1
K427I,EKYV,EIYV,0.6455819233540817,-3
K427L,EKYV,ELYV,0.8541940841469098,-2
K427M,EKYV,EMYV,0.4818742843866692,-1
K427N,EKYV,ENYV,0.5436562476460483,0
K427P,EKYV,EPYV,0.3579846572028923,-1
K427Q,EKYV,EQYV,0.3171347468224671,1
K427R,EKYV,ERYV,0.17870060377502428,2
K427S,EKYV,ESYV,0.3561245963787548,0
K427T,EKYV,ETYV,0.38485345411131006,-1
K427V,EKYV,EVYV,0.6412665679584888,-2
K427W,EKYV,EWYV,0.13062831368122352,-3
K427Y,EKYV,EYYV,0.7656296435264276,-2
Y428A,EKYV,EKAV,0.30301261646066424,-2
Y428C,EKYV,EKCV,0.037329563134625876,-2
Y428D,EKYV,EKDV,0.1973708560161966,-3
Y428E,EKYV,EKEV,0.05496891330730916,-2
Y428F,EKYV,EKFV,0.6023764386742201,3
Y428G,EKYV,EKGV,-0.0459794476056664,-3
Y428H,EKYV,EKHV,0.14158021616056696,2
Y428I,EKYV,EKIV,-0.03094643587584929,-1
Y428K,EKYV,EKKV,-0.05880911465504389,-2
Y428L,EKYV,EKLV,0.17128461311737114,-1
Y428M,EKYV,EKMV,0.6472467306323624,-1
Y428N,EKYV,EKNV,-0.01612344022617994,-2
Y428P,EKYV,EKPV,0.1882811355586815,-3
Y428Q,EKYV,EKQV,0.013484765200180673,-1
Y428R,EKYV,EKRV,-0.3486846150092778,-2
Y428S,EKYV,EKSV,0.1390644980410157,-2
Y428T,EKYV,EKTV,0.04006430072979267,-2
Y428V,EKYV,EKVV,-0.0014672521358144591,-1
Y428W,EKYV,EKWV,0.17206852626254474,2
